{"cameraMode":{"drawMode":0,"name":"Shaded","section":"Shading Mode"},"sceneLighting":false,"audioPlay":false,"sceneViewState":{"m_AlwaysRefresh":false,"showFog":true,"showSkybox":false,"showFlares":true,"showImageEffects":true,"showParticleSystems":true,"showVisualEffectGraphs":true,"m_FxEnabled":true},"in2DMode":false,"pivot":{"x":6.400000095367432,"y":1.0199999809265137,"z":6.510000228881836},"rotation":{"x":-0.0005333477165549994,"y":0.9999589323997498,"z":-0.0074892351403832439,"w":-0.02049509435892105},"size":1.7320507764816285,"orthographic":true}