{"cameraMode":{"drawMode":0,"name":"Shaded","section":"Shading Mode"},"sceneLighting":true,"audioPlay":false,"sceneViewState":{"m_AlwaysRefresh":false,"showFog":true,"showSkybox":true,"showFlares":true,"showImageEffects":true,"showParticleSystems":true,"showVisualEffectGraphs":true,"m_FxEnabled":true},"in2DMode":false,"pivot":{"x":-807.71533203125,"y":28.45745849609375,"z":86.36841583251953},"rotation":{"x":0.7577588558197022,"y":0.005621002521365881,"z":-0.0018048816127702594,"w":0.6530156135559082},"size":28.370817184448243,"orthographic":true}